# date,2026-03-19 19:21:41
# overlay,rfsoc_sam DDC mode — IQ output
# ddc_nco_mhz,1228.8
# image_correction,2x: f_DAC = DDC_NCO + f_target/2
# power_type,IQ power = I^2 + Q^2
# sweep_start_mhz,50.0
# sweep_stop_mhz,200.0
# sweep_step_mhz,1.0
# n_frames,20
# dac_amplitude,0.5
# settle_time_s,1.4439521880030952
# noise_floor_dbfs,-106.97822457654672
# adc_fs_mhz,4915.2
# n_fft,8192
target_freq_mhz,peak_power_dbfs,peak_freq_mhz,snr_db
50.0000,-106.21,51.6126,0.77
51.0000,-106.15,52.2127,0.82
52.0000,-106.71,53.4130,0.27
53.0000,-106.18,52.8129,0.80
54.0000,-106.13,55.2135,0.85
55.0000,-105.85,57.0139,1.13
56.0000,-105.91,57.6141,1.07
57.0000,-106.28,58.8144,0.70
58.0000,-106.51,56.4138,0.47
59.0000,-106.45,57.0139,0.53
60.0000,-106.41,60.6148,0.57
61.0000,-106.58,58.8144,0.39
62.0000,-106.69,60.0147,0.28
63.0000,-105.66,64.8158,1.31
64.0000,-106.88,65.4160,0.10
65.0000,-106.12,64.8158,0.86
66.0000,-106.45,63.6155,0.53
67.0000,-105.95,67.8166,1.02
68.0000,-106.12,66.6163,0.86
69.0000,-106.76,71.4174,0.22
70.0000,-106.27,68.4167,0.71
71.0000,-105.73,69.6170,1.25
72.0000,-105.79,70.2171,1.19
73.0000,-106.41,72.6177,0.57
74.0000,-106.14,76.2186,0.84
75.0000,-106.14,74.4182,0.84
76.0000,-106.38,74.4182,0.60
77.0000,-106.75,78.6192,0.23
78.0000,-106.35,78.0190,0.62
79.0000,-106.18,81.0198,0.80
80.0000,-106.08,81.0198,0.90
81.0000,-106.09,79.8195,0.89
82.0000,-106.00,82.8202,0.98
83.0000,-106.59,81.0198,0.39
84.0000,-106.03,84.0205,0.95
85.0000,-106.13,83.4204,0.85
86.0000,-106.44,87.6214,0.53
87.0000,-106.71,86.4211,0.27
88.0000,-106.15,87.6214,0.82
89.0000,-106.49,87.0212,0.49
90.0000,-106.62,92.4226,0.36
91.0000,-106.48,91.2223,0.50
92.0000,-107.05,90.0220,-0.07
93.0000,-106.28,92.4226,0.70
94.0000,-105.86,93.0227,1.11
95.0000,-106.34,96.6236,0.64
96.0000,-106.29,96.0234,0.68
97.0000,-105.55,96.6236,1.43
98.0000,-106.45,98.4240,0.52
99.0000,-105.97,98.4240,1.01
100.0000,-106.21,99.0242,0.77
101.0000,-106.53,99.6243,0.45
102.0000,-106.45,102.0249,0.53
103.0000,-106.81,104.4255,0.17
104.0000,-106.02,103.8253,0.96
105.0000,-106.46,107.4262,0.52
106.0000,-106.60,103.8253,0.38
107.0000,-106.35,105.0256,0.63
108.0000,-106.11,105.6258,0.86
109.0000,-105.93,108.6265,1.04
110.0000,-106.18,111.0271,0.80
111.0000,-106.39,112.8275,0.58
112.0000,-106.19,109.8268,0.79
113.0000,-106.80,114.0278,0.18
114.0000,-106.34,115.8283,0.64
115.0000,-106.07,115.8283,0.90
116.0000,-106.27,118.2289,0.71
117.0000,-106.59,117.6287,0.39
118.0000,-106.36,115.8283,0.62
119.0000,-106.27,117.0286,0.71
120.0000,-106.51,121.2296,0.47
121.0000,-106.59,120.0293,0.39
122.0000,-106.65,121.8297,0.33
123.0000,-106.37,123.6302,0.61
124.0000,-106.07,126.0308,0.91
125.0000,-106.20,124.8305,0.78
126.0000,-106.84,124.2303,0.14
127.0000,-106.71,125.4306,0.27
128.0000,-106.02,127.8312,0.95
129.0000,-106.25,129.0315,0.73
130.0000,-105.99,131.4321,0.98
131.0000,-105.81,129.0315,1.17
132.0000,-106.13,133.2325,0.85
133.0000,-105.97,132.6324,1.01
134.0000,-106.41,132.0322,0.57
135.0000,-105.80,136.8334,1.17
136.0000,-106.15,137.4336,0.83
137.0000,-106.40,136.8334,0.58
138.0000,-105.93,137.4336,1.05
139.0000,-106.16,140.4343,0.82
140.0000,-105.92,139.8341,1.06
141.0000,-106.45,142.8349,0.53
142.0000,-106.18,143.4350,0.79
143.0000,-105.77,141.0344,1.21
144.0000,-106.09,145.8356,0.89
145.0000,-106.40,144.0352,0.58
146.0000,-106.57,144.6353,0.41
147.0000,-106.40,147.6360,0.58
148.0000,-106.51,146.4358,0.47
149.0000,-105.65,150.0366,1.33
150.0000,-106.01,150.0366,0.97
151.0000,-106.47,150.0366,0.51
152.0000,-105.36,152.4372,1.62
153.0000,-106.42,151.2369,0.56
154.0000,-106.41,155.4379,0.56
155.0000,-105.97,156.0381,1.00
156.0000,-106.29,158.4387,0.68
157.0000,-105.96,157.2384,1.02
158.0000,-106.45,160.2391,0.52
159.0000,-106.38,158.4387,0.60
160.0000,-106.48,160.8393,0.50
161.0000,-106.32,162.6397,0.66
162.0000,-106.44,159.6390,0.54
163.0000,-105.91,162.0396,1.07
164.0000,-106.10,163.2399,0.88
165.0000,-106.33,164.4401,0.65
166.0000,-106.21,165.0403,0.77
167.0000,-106.41,165.0403,0.57
168.0000,-106.70,168.0410,0.28
169.0000,-106.39,169.8415,0.58
170.0000,-106.44,172.2421,0.54
171.0000,-106.93,171.0418,0.05
172.0000,-106.50,171.6419,0.47
173.0000,-106.90,173.4423,0.08
174.0000,-106.61,171.6419,0.36
175.0000,-106.05,175.2428,0.93
176.0000,-105.20,175.8429,1.78
177.0000,-106.26,175.8429,0.72
178.0000,-106.53,175.8429,0.45
179.0000,-105.92,181.2442,1.06
180.0000,-106.34,177.6434,0.64
181.0000,-106.30,179.4438,0.68
182.0000,-106.50,181.2442,0.48
183.0000,-106.33,183.0447,0.65
184.0000,-106.15,184.8451,0.82
185.0000,-106.38,185.4453,0.60
186.0000,-105.52,183.6448,1.46
187.0000,-106.52,187.2457,0.46
188.0000,-106.31,186.0454,0.67
189.0000,-106.32,188.4460,0.66
190.0000,-106.30,192.0469,0.67
191.0000,-106.73,189.6463,0.25
192.0000,-106.44,189.6463,0.54
193.0000,-106.25,193.8473,0.73
194.0000,-106.46,193.8473,0.52
195.0000,-106.45,193.2472,0.53
196.0000,-106.60,194.4475,0.38
197.0000,-106.00,195.6478,0.98
198.0000,-106.96,198.6485,0.02
199.0000,-105.74,198.6485,1.23
200.0000,-106.17,198.6485,0.80
